{
  "excludeFiles": ["tests/spec/angular-mocks.js", "www/js/main-built.js", "www/js/templates-compiled.js"],
  "disallowKeywords": ["with"],
  "disallowMixedSpacesAndTabs": true,
  "disallowMultipleLineStrings": true,
  "disallowNewlineBeforeBlockStatements": true,
  "disallowSpaceAfterObjectKeys": true,
  "disallowSpaceAfterPrefixUnaryOperators": ["++", "--", "+", "-", "~", "!"],
  "disallowSpaceBeforeBinaryOperators": [","],
  "disallowSpaceBeforePostfixUnaryOperators": ["++", "--"],
  "disallowSpacesInAnonymousFunctionExpression": {
    "beforeOpeningRoundBrace": true
  },
  "disallowSpacesInFunctionDeclaration": {
    "beforeOpeningRoundBrace": true
  },
  "disallowSpacesInNamedFunctionExpression": {
    "beforeOpeningRoundBrace": true
  },
  "disallowSpacesInsideArrayBrackets": true,
  "disallowTrailingComma": true,
  "disallowTrailingWhitespace": true,
  "requireCommaBeforeLineBreak": true,
  "requireLineFeedAtFileEnd": true,
  "requireSpaceAfterBinaryOperators": ["?", ":", "+", "-", "/", "*", "%", "==", "===", "!=", "!==", ">", ">=", "<", "<=", "&&", "||"],
  "requireSpaceBeforeBinaryOperators": ["?", ":", "+", "-", "/", "*", "%", "==", "===", "!=", "!==", ">", ">=", "<", "<=", "&&", "||"],
  "requireSpaceAfterKeywords": ["if", "else", "for", "while", "do", "switch", "return", "try", "catch"],
  "requireSpaceBeforeBlockStatements": true,
  "requireSpacesInConditionalExpression": {
    "afterTest": true,
    "beforeConsequent": true,
    "afterConsequent": true,
    "beforeAlternate": true
  },
  "requireSpacesInFunction": {
    "beforeOpeningCurlyBrace": true
  },
  "validateLineBreaks": "LF",
  "validateParameterSeparator": ", "
}
